id,image_url,product_id,,
1,https://i.travelapi.com/hotels/1000000/800000/793900/793876/cf20fa42_z.jpg,1,,
2,https://i.travelapi.com/hotels/1000000/800000/793900/793876/3734b004_z.jpg,1,,
3,https://image.tport.io/gds_properties/112170/1717c415-464f-43df-93a0-17f4758ab609-original.jpg,2,,
4,https://image.tport.io/gds_properties/112170/5fe575f5-529e-44b5-9251-2cb6913fc348-original.jpg,2,,
5,https://i.travelapi.com/hotels/18000000/17730000/17726700/17726652/fbe6060b_z.jpg,3,,
6,https://i.travelapi.com/hotels/18000000/17730000/17726700/17726652/523c09e4_z.jpg,3,,
7,https://i.travelapi.com/hotels/20000000/19340000/19334300/19334239/3e204599_z.jpg,4,,
8,https://i.travelapi.com/hotels/20000000/19340000/19334300/19334239/66ba029c_z.jpg,4,,
9,https://i.travelapi.com/hotels/19000000/18110000/18106700/18106658/f9605142_z.jpg,5,,
10,https://i.travelapi.com/hotels/19000000/18110000/18106700/18106658/de619189_z.jpg,5,,
11,https://i.travelapi.com/hotels/10000000/9210000/9209600/9209561/b4ef1fa2_z.jpg,6,,
12,https://i.travelapi.com/hotels/10000000/9210000/9209600/9209561/2a5ffcf8_z.jpg,6,,
13,https://i.travelapi.com/hotels/16000000/15210000/15201700/15201645/66a775fb_z.jpg,7,,
14,https://i.travelapi.com/hotels/16000000/15210000/15201700/15201645/36216d17_z.jpg,7,,
15,https://i.travelapi.com/hotels/25000000/24310000/24310000/24309952/d7bd32ec_z.jpg,8,,
16,https://i.travelapi.com/hotels/25000000/24310000/24310000/24309952/0d725a0c_z.jpg,8,,
17,https://i.travelapi.com/hotels/11000000/10220000/10216100/10216016/5d2abe76_z.jpg,9,,
18,https://i.travelapi.com/hotels/11000000/10220000/10216100/10216016/4112853e_z.jpg,9,,
19,https://i.travelapi.com/hotels/25000000/24250000/24247200/24247150/b388bc77_z.jpg,10,,
20,https://i.travelapi.com/hotels/25000000/24250000/24247200/24247150/f780daff_z.jpg,10,,
21,https://i.travelapi.com/hotels/18000000/17490000/17486100/17486068/bfee5d41_z.jpg,11,,
22,https://i.travelapi.com/hotels/18000000/17490000/17486100/17486068/fbc10d08_z.jpg,11,,
23,http://image.tport.io/gds_properties/56186/8a1a1750-125b-4c15-a04d-cee685898454-original.jpg,12,,
24,https://image.tport.io/properties/56186/98467dab-8799-4d1b-9e1f-494fe4391ab2-original.jpg,12,,
25,http://image.tport.io/gds_properties/68877/e214df85-7ae2-48e5-b200-4fe42e97aa45-original.jpg,13,,
26,http://image.tport.io/gds_properties/68877/5c5cd3cf-0bcd-49d9-92fa-e08810f3a5cd-original.jpg,13,,
27,http://image.tport.io/gds_properties/90702/57174da3-073e-4bee-9f0a-6053822b01c6-original.jpg,14,,
28,http://image.tport.io/gds_properties/90702/c0327779-6fad-49e6-a6f9-7ba6cf329c2e-original.jpg,14,,
29,https://yaimg.yanolja.com/v5/2018/12/11/18/5c0f852cbfc560.13733171.jpg,15,,
30,https://yaimg.yanolja.com/v5/2018/12/11/18/5c0f85356b35d7.22467712.jpg,15,,
31,https://i.travelapi.com/hotels/14000000/13120000/13118500/13118419/ba0b93b7_z.jpg,16,,
32,https://i.travelapi.com/hotels/14000000/13120000/13118500/13118419/494b146c_z.jpg,16,,
33,https://i.travelapi.com/hotels/24000000/23780000/23774700/23774646/eacac885_z.jpg,17,,
34,https://i.travelapi.com/hotels/24000000/23780000/23774700/23774646/5f8d5d6e_z.jpg,17,,
35,https://i.travelapi.com/hotels/10000000/9640000/9635000/9634964/c08ca8e0_z.jpg,18,,
36,https://i.travelapi.com/hotels/10000000/9640000/9635000/9634964/c08ca8e0_z.jpg,18,,
37,https://i.travelapi.com/hotels/16000000/15160000/15156700/15156668/20a46c1b_z.jpg,19,,
38,https://i.travelapi.com/hotels/16000000/15160000/15156700/15156668/74f7ae42_z.jpg,19,,
39,https://i.travelapi.com/hotels/10000000/9620000/9615600/9615581/6eded80d_z.jpg,20,,
40,https://i.travelapi.com/hotels/10000000/9620000/9615600/9615581/d7214bd8_z.jpg,20,,
41,https://d2mgzmtdeipcjp.cloudfront.net/files/good/2020/06/24/15929715293310_1_0_0_0_0_0_0_0_0.jpg,21,,
51,https://d2mgzmtdeipcjp.cloudfront.net/files/good/2021/02/14/16132867735634.jpg?s=640x420&t=fill,26,,
52,https://d2mgzmtdeipcjp.cloudfront.net/files/good/2021/02/10/16129437041405.png?s=640x420&t=fill,26,,
53,https://d2mgzmtdeipcjp.cloudfront.net/files/good/2020/10/28/16038527617309_0_0.jpg?s=640x420&t=fill,27,,
54,https://d2mgzmtdeipcjp.cloudfront.net/files/good/2020/10/28/16038553052773_0_0.jpg?s=640x420&t=fill,27,,
55,https://d2mgzmtdeipcjp.cloudfront.net/files/good/2020/09/08/15995418878466.png?s=640x420&t=fill,28,,
56,https://d2mgzmtdeipcjp.cloudfront.net/files/good/2020/09/08/15995299937850_0_0.png?s=640x420&t=fill,28,,
57,https://d2mgzmtdeipcjp.cloudfront.net/files/good/2020/09/04/15992014172893.png?s=640x420&t=fill,29,,
58,https://d2mgzmtdeipcjp.cloudfront.net/files/good/2020/09/04/15992014135702.png?s=640x420&t=fill,29,,
59,https://d2mgzmtdeipcjp.cloudfront.net/files/good/2020/09/07/15992014134523_0.png?s=640x420&t=fill,30,,
60,https://d2mgzmtdeipcjp.cloudfront.net/files/good/2020/09/07/15994667570733.png?s=640x420&t=fill,30,,